{
    "./data/D3/d3-ecg-2.csv": [
        32,
        0,
        868,
        0,
        0.035555555555555556,
        1.0,
        0.06866952789699571
    ],
    "./data/D4/d4-22me-ba.csv": [
        51,
        0,
        1875,
        0,
        0.0264797507788162,
        1.0,
        0.051593323216995446
    ],
    "./data/D2/d2-22me.csv": [
        1,
        1873,
        0,
        52,
        1.0,
        0.018867924528301886,
        0.037037037037037035
    ],
    "./data/D1/d1-2324.csv": [
        25,
        1758,
        1462,
        40,
        0.016812373907195696,
        0.38461538461538464,
        0.03221649484536083
    ],
    "./data/D1/d1-ecg-2.csv": [
        27,
        210,
        1563,
        0,
        0.016981132075471698,
        1.0,
        0.03339517625231911
    ],
    "./data/D1/d1-22y1.csv": [
        2,
        1725,
        0,
        46,
        1.0,
        0.041666666666666664,
        0.07999999999999999
    ],
    "./data/D3/d3-22me.csv": [
        3,
        1794,
        7,
        122,
        0.3,
        0.024,
        0.04444444444444444
    ],
    "./data/D1/d1-22xz.csv": [
        38,
        2654,
        0,
        8,
        1.0,
        0.8260869565217391,
        0.9047619047619047
    ],
    "./data/D1/d1-22n4.csv": [
        0,
        1841,
        2,
        101,
        0.0,
        0.0,
        0.0
    ],
    "./data/D1/d1-22qu.csv": [
        72,
        1193,
        1011,
        28,
        0.0664819944598338,
        0.72,
        0.12172442941673711
    ],
    "./data/D4/d4-ecg-1.csv": [
        13,
        395,
        666,
        6,
        0.01914580265095729,
        0.6842105263157895,
        0.03724928366762178
    ],
    "./data/D4/d4-22yw-outliers.csv": [
        28,
        926,
        4878,
        0,
        0.005707297187117815,
        1.0,
        0.01134981759221727
    ],
    "./data/D1/d1-22me.csv": [
        57,
        1843,
        1,
        25,
        0.9827586206896551,
        0.6951219512195121,
        0.8142857142857143
    ],
    "./data/D2/d2-ecg-1.csv": [
        15,
        558,
        500,
        7,
        0.02912621359223301,
        0.6818181818181818,
        0.0558659217877095
    ],
    "./data/D3/d3-ecg-1.csv": [
        5,
        552,
        310,
        33,
        0.015873015873015872,
        0.13157894736842105,
        0.028328611898016998
    ],
    "./data/D1/d1-ecg-1.csv": [
        22,
        568,
        310,
        0,
        0.06626506024096386,
        1.0,
        0.12429378531073448
    ],
    "./data/D1/d1-22ta.csv": [
        0,
        3485,
        0,
        115,
        0.0,
        0.0,
        0.0
    ],
    "./data/D3/d3-22yw.csv": [
        55,
        162,
        2699,
        0,
        0.019970951343500364,
        1.0,
        0.039159843360626556
    ],
    "./data/D2/d2-22xz.csv": [
        20,
        1727,
        40,
        13,
        0.3333333333333333,
        0.6060606060606061,
        0.4301075268817204
    ],
    "./data/D3/d3-22xz.csv": [
        61,
        2546,
        82,
        11,
        0.42657342657342656,
        0.8472222222222222,
        0.5674418604651162
    ],
    "./data/D4/d4-ecg-2.csv": [
        31,
        0,
        1049,
        0,
        0.028703703703703703,
        1.0,
        0.0558055805580558
    ],
    "./data/D2/d2-ecg-2.csv": [
        19,
        282,
        769,
        10,
        0.024111675126903553,
        0.6551724137931034,
        0.046511627906976744
    ],
    "./data/D4/d4-22yw-ba.csv": [
        47,
        763,
        5022,
        0,
        0.009272045768396133,
        1.0,
        0.018373729476153244
    ],
    "./data/D4/d4-22me-outliers.csv": [
        4,
        2854,
        4,
        27,
        0.5,
        0.12903225806451613,
        0.20512820512820512
    ],
    "./data/D1/d1-22pw.csv": [
        43,
        3189,
        0,
        8,
        1.0,
        0.8431372549019608,
        0.9148936170212766
    ],
    "./data/D2/d2-22yw.csv": [
        25,
        158,
        2733,
        0,
        0.009064539521392313,
        1.0,
        0.017966223499820334
    ]
}