{
    "./data/dir_2/2_2.csv": [
        10,
        1372,
        17,
        1,
        0.37037037037037035,
        0.9090909090909091,
        0.5263157894736842
    ],
    "./data/dir_2/2_1.csv": [
        8,
        1384,
        5,
        3,
        0.6153846153846154,
        0.7272727272727273,
        0.6666666666666667
    ],
    "./data/dir_1/1_2.csv": [
        5,
        1378,
        12,
        5,
        0.29411764705882354,
        0.5,
        0.37037037037037035
    ],
    "./data/dir_1/1_1.csv": [
        4,
        1388,
        4,
        4,
        0.5,
        0.5,
        0.5
    ]
}