{
    "./data/dir_2/2_2.csv": [
        1,
        535,
        59,
        5,
        0.016666666666666666,
        0.16666666666666666,
        0.0303030303030303
    ],
    "./data/dir_2/2_1.csv": [
        1,
        535,
        59,
        5,
        0.016666666666666666,
        0.16666666666666666,
        0.0303030303030303
    ],
    "./data/dir_1/1_2.csv": [
        1,
        535,
        59,
        5,
        0.016666666666666666,
        0.16666666666666666,
        0.0303030303030303
    ],
    "./data/dir_1/1_1.csv": [
        0,
        540,
        60,
        0,
        0,
        0,
        0
    ]
}