{
    "./data/dir_2/2_2.csv": [
        1,
        715,
        79,
        5,
        0.0125,
        0.16666666666666666,
        0.023255813953488372
    ],
    "./data/dir_2/2_1.csv": [
        1,
        715,
        79,
        5,
        0.0125,
        0.16666666666666666,
        0.023255813953488372
    ],
    "./data/dir_1/1_2.csv": [
        1,
        715,
        79,
        5,
        0.0125,
        0.16666666666666666,
        0.023255813953488372
    ],
    "./data/dir_1/1_1.csv": [
        1,
        717,
        79,
        3,
        0.0125,
        0.25,
        0.023809523809523808
    ]
}