{
    "./data/dir_2/2_2.csv": [
        1,
        1250,
        139,
        10,
        0.007142857142857143,
        0.09090909090909091,
        0.013245033112582781
    ],
    "./data/dir_2/2_1.csv": [
        1,
        1250,
        139,
        10,
        0.007142857142857143,
        0.09090909090909091,
        0.013245033112582781
    ],
    "./data/dir_1/1_2.csv": [
        1,
        1251,
        139,
        9,
        0.007142857142857143,
        0.1,
        0.013333333333333332
    ],
    "./data/dir_1/1_1.csv": [
        1,
        1253,
        139,
        7,
        0.007142857142857143,
        0.125,
        0.013513513513513513
    ]
}