{
    "./data/dir_2/2_2.csv": [
        1,
        355,
        39,
        5,
        0.025,
        0.16666666666666666,
        0.04347826086956522
    ],
    "./data/dir_2/2_1.csv": [
        1,
        355,
        39,
        5,
        0.025,
        0.16666666666666666,
        0.04347826086956522
    ],
    "./data/dir_1/1_2.csv": [
        1,
        355,
        39,
        5,
        0.025,
        0.16666666666666666,
        0.04347826086956522
    ],
    "./data/dir_1/1_1.csv": [
        0,
        360,
        40,
        0,
        0.0,
        0.0,
        0.0
    ]
}